{
	"$schema": "https://schemas.wp.org/wp/6.8/theme.json",
	"settings": {
		"layout": {
			"contentSize": "1100px",
			"wideSize": "1400px"
		},
		"spacing": {
			"blockGap": true,
			"customSpacingSize": true,
			"margin": true,
			"padding": true,
			"spacingScale": {
				"theme": {
					"steps": 0
				}
			},
			"spacingSizes": [],
			"units": [
				"%",
				"px",
				"em",
				"rem",
				"vh",
				"vw"
			]
		}
	},
	"styles": {
		"css": "@media (width > 320px) {\n.members, \n.founders {\npadding: 1rem;\n}\n\n@media (width > 1000px) {\n.members, \n.founders {\npadding: 0;\n}\n\n\n\n\n\n",
		"spacing": {
			"blockGap": "38px",
			"padding": {
				"bottom": "0rem",
				"left": "0px",
				"right": "0px",
				"top": "0px"
			}
		}
	},
	"version": 3
}